,a,abbr,b,footer,form,h1,h2,h3,head,i,input,label,li,nav,p,small,span,sub,tbody,title,tr,ul
0,Jump to navigation,,,,,,,,,,,,,,,,,,,,,
1,Jump to search,,,,,,,,,,,,,,,,,,,,,
2,Wikipedia,,,,,,,,,,,,,,,,,,,,,
3,free,,,,,,,,,,,,,,,,,,,,,
4,encyclopedia,,,,,,,,,,,,,,,,,,,,,
5,anyone can edit,,,,,,,,,,,,,,,,,,,,,
6,"6,242,418",,,,,,,,,,,,,,,,,,,,,
7,English,,,,,,,,,,,,,,,,,,,,,
8,The arts,,,,,,,,,,,,,,,,,,,,,
9,Biography,,,,,,,,,,,,,,,,,,,,,
10,Geography,,,,,,,,,,,,,,,,,,,,,
11,History,,,,,,,,,,,,,,,,,,,,,
12,Mathematics,,,,,,,,,,,,,,,,,,,,,
13,Science,,,,,,,,,,,,,,,,,,,,,
14,Society,,,,,,,,,,,,,,,,,,,,,
15,Technology,,,,,,,,,,,,,,,,,,,,,
16,All portals,,,,,,,,,,,,,,,,,,,,,
17,Pacific swift,,,,,,,,,,,,,,,,,,,,,
18,swift,,,,,,,,,,,,,,,,,,,,,
19,migratory,,,,,,,,,,,,,,,,,,,,,
20,Southeast Asia,,,,,,,,,,,,,,,,,,,,,
21,common swift,,,,,,,,,,,,,,,,,,,,,
22,family,,,,,,,,,,,,,,,,,,,,,
23,Full article...,,,,,,,,,,,,,,,,,,,,,
24,Bee-eater,,,,,,,,,,,,,,,,,,,,,
25,Groundhog Day (film),,,,,,,,,,,,,,,,,,,,,
26,Haane Manahi,,,,,,,,,,,,,,,,,,,,,
27,Archive,,,,,,,,,,,,,,,,,,,,,
28,By email,,,,,,,,,,,,,,,,,,,,,
29,More featured articles,,,,,,,,,,,,,,,,,,,,,
30,A Reading from Homer,,,,,,,,,,,,,,,,,,,,,
31,Bangladesh women's team,,,,,,,,,,,,,,,,,,,,,
32,One Day International cricket match,,,,,,,,,,,,,,,,,,,,,
33,Benedict Joseph Fenwick,,,,,,,,,,,,,,,,,,,,,
34,College of the Holy Cross,,,,,,,,,,,,,,,,,,,,,
35,Maine,,,,,,,,,,,,,,,,,,,,,
36,"Worcester, Massachusetts",,,,,,,,,,,,,,,,,,,,,
37,penalty shootout,,,,,,,,,,,,,,,,,,,,,
38,2015 Football League Two play-off Final,,,,,,,,,,,,,,,,,,,,,
39,Radio City Music Hall,,,,,,,,,,,,,,,,,,,,,
40,Richard Leibert,,,,,,,,,,,,,,,,,,,,,
41,Aidan Walsh: Master of the Universe,,,,,,,,,,,,,,,,,,,,,
42,Wild Woody,,,,,,,,,,,,,,,,,,,,,
43,Easter egg,,,,,,,,,,,,,,,,,,,,,
44,mermaid,,,,,,,,,,,,,,,,,,,,,
45,Joe the Pigeon,,,,,,,,,,,,,,,,,,,,,
46,pardon,,,,,,,,,,,,,,,,,,,,,
47,euthanasia,,,,,,,,,,,,,,,,,,,,,
48,Archive,,,,,,,,,,,,,,,,,,,,,
49,Start a new article,,,,,,,,,,,,,,,,,,,,,
50,Nominate an article,,,,,,,,,,,,,,,,,,,,,
51,Aung San Suu Kyi,,,,,,,,,,,,,,,,,,,,,
52,State Counsellor of Myanmar,,,,,,,,,,,,,,,,,,,,,
53,a coup d'état,,,,,,,,,,,,,,,,,,,,,
54,A coordinated short squeeze,,,,,,,,,,,,,,,,,,,,,
55,hedge funds,,,,,,,,,,,,,,,,,,,,,
56,GameStop,,,,,,,,,,,,,,,,,,,,,
57,Kaja Kallas,,,,,,,,,,,,,,,,,,,,,
58,Prime Minister of Estonia,,,,,,,,,,,,,,,,,,,,,
59,Jüri Ratas,,,,,,,,,,,,,,,,,,,,,
60,protests,,,,,,,,,,,,,,,,,,,,,
61,Alexei Navalny,,,,,,,,,,,,,,,,,,,,,
62,Ongoing,,,,,,,,,,,,,,,,,,,,,
63,COVID-19 pandemic,,,,,,,,,,,,,,,,,,,,,
64,Indian farmers' protest,,,,,,,,,,,,,,,,,,,,,
65,Recent deaths,,,,,,,,,,,,,,,,,,,,,
66,Abu Salman Shahjahanpuri,,,,,,,,,,,,,,,,,,,,,
67,Wayne Terwilliger,,,,,,,,,,,,,,,,,,,,,
68,Bob McCallister,,,,,,,,,,,,,,,,,,,,,
69,Simeon Nyachae,,,,,,,,,,,,,,,,,,,,,
70,Dustin Diamond,,,,,,,,,,,,,,,,,,,,,
71,Maureen Colquhoun,,,,,,,,,,,,,,,,,,,,,
72,Nominate an article,,,,,,,,,,,,,,,,,,,,,
73,February 4,,,,,,,,,,,,,,,,,,,,,
74,Luke 11:2,,,,,,,,,,,,,,,,,,,,,
75,1801,,,,,,,,,,,,,,,,,,,,,
76,John Marshall,,,,,,,,,,,,,,,,,,,,,
77,U.S. constitutional law,,,,,,,,,,,,,,,,,,,,,
78,Supreme Court,,,,,,,,,,,,,,,,,,,,,
79,branch of government,,,,,,,,,,,,,,,,,,,,,
80,chief justice,,,,,,,,,,,,,,,,,,,,,
81,1859,,,,,,,,,,,,,,,,,,,,,
82,Constantin von Tischendorf,,,,,,,,,,,,,,,,,,,,,
83,Codex Sinaiticus,,,,,,,,,,,,,,,,,,,,,
84,great uncial codex,,,,,,,,,,,,,,,,,,,,,
85,Saint Catherine's Monastery,,,,,,,,,,,,,,,,,,,,,
86,1945,,,,,,,,,,,,,,,,,,,,,
87,World War II,,,,,,,,,,,,,,,,,,,,,
88,Santo Tomas Internment Camp,,,,,,,,,,,,,,,,,,,,,
89,Japanese internment camp,,,,,,,,,,,,,,,,,,,,,
90,1974,,,,,,,,,,,,,,,,,,,,,
91,Provisional Irish Republican Army,,,,,,,,,,,,,,,,,,,,,
92,bombed a motor coach,,,,,,,,,,,,,,,,,,,,,
93,British Armed Forces,,,,,,,,,,,,,,,,,,,,,
94,1998,,,,,,,,,,,,,,,,,,,,,
95,An earthquake,,,,,,,,,,,,,,,,,,,,,
96,MW,,,,,,,,,,,,,,,,,,,,,
97,landslides,,,,,,,,,,,,,,,,,,,,,
98,Septimius Severus,,,,,,,,,,,,,,,,,,,,,
99,Étienne Desmarteau,,,,,,,,,,,,,,,,,,,,,
100,Betty Friedan,,,,,,,,,,,,,,,,,,,,,
101,February 3,,,,,,,,,,,,,,,,,,,,,
102,February 4,,,,,,,,,,,,,,,,,,,,,
103,February 5,,,,,,,,,,,,,,,,,,,,,
104,Archive,,,,,,,,,,,,,,,,,,,,,
105,By email,,,,,,,,,,,,,,,,,,,,,
106,List of days of the year,,,,,,,,,,,,,,,,,,,,,
107,pink-necked green pigeon,,,,,,,,,,,,,,,,,,,,,
108,Columbidae,,,,,,,,,,,,,,,,,,,,,
109,frugivore,,,,,,,,,,,,,,,,,,,,,
110,canopy,,,,,,,,,,,,,,,,,,,,,
111,Ficus,,,,,,,,,,,,,,,,,,,,,
112,Krakatoa,,,,,,,,,,,,,,,,,,,,,
113,the 1883 eruption,,,,,,,,,,,,,,,,,,,,,
114,Kent Ridge Park,,,,,,,,,,,,,,,,,,,,,
115,John Harrison,,,,,,,,,,,,,,,,,,,,,
116,Robert Earl Jones,,,,,,,,,,,,,,,,,,,,,
117,San Lorenzo,,,,,,,,,,,,,,,,,,,,,
118,Robinson projection,,,,,,,,,,,,,,,,,,,,,
119,Archive,,,,,,,,,,,,,,,,,,,,,
120,More featured pictures,,,,,,,,,,,,,,,,,,,,,
121,Community portal,,,,,,,,,,,,,,,,,,,,,
122,Help desk,,,,,,,,,,,,,,,,,,,,,
123,Local embassy,,,,,,,,,,,,,,,,,,,,,
124,Reference desk,,,,,,,,,,,,,,,,,,,,,
125,Site news,,,,,,,,,,,,,,,,,,,,,
126,Village pump,,,,,,,,,,,,,,,,,,,,,
127,Wikimedia Foundation,,,,,,,,,,,,,,,,,,,,,
128,projects,,,,,,,,,,,,,,,,,,,,,
129,Commons,,,,,,,,,,,,,,,,,,,,,
130,MediaWiki,,,,,,,,,,,,,,,,,,,,,
131,Meta-Wiki,,,,,,,,,,,,,,,,,,,,,
132,Wikibooks,,,,,,,,,,,,,,,,,,,,,
133,Wikidata,,,,,,,,,,,,,,,,,,,,,
134,Wikinews,,,,,,,,,,,,,,,,,,,,,
135,Wikiquote,,,,,,,,,,,,,,,,,,,,,
136,Wikisource,,,,,,,,,,,,,,,,,,,,,
137,Wikispecies,,,,,,,,,,,,,,,,,,,,,
138,Wikiversity,,,,,,,,,,,,,,,,,,,,,
139,Wikivoyage,,,,,,,,,,,,,,,,,,,,,
140,Wiktionary,,,,,,,,,,,,,,,,,,,,,
141,English,,,,,,,,,,,,,,,,,,,,,
142,other Wikipedias are available,,,,,,,,,,,,,,,,,,,,,
143,العربية,,,,,,,,,,,,,,,,,,,,,
144,Deutsch,,,,,,,,,,,,,,,,,,,,,
145,Español,,,,,,,,,,,,,,,,,,,,,
146,Français,,,,,,,,,,,,,,,,,,,,,
147,Italiano,,,,,,,,,,,,,,,,,,,,,
148,Nederlands,,,,,,,,,,,,,,,,,,,,,
149,日本語,,,,,,,,,,,,,,,,,,,,,
150,Polski,,,,,,,,,,,,,,,,,,,,,
151,Português,,,,,,,,,,,,,,,,,,,,,
152,Русский,,,,,,,,,,,,,,,,,,,,,
153,Svenska,,,,,,,,,,,,,,,,,,,,,
154,Українська,,,,,,,,,,,,,,,,,,,,,
155,Tiếng Việt,,,,,,,,,,,,,,,,,,,,,
156,中文,,,,,,,,,,,,,,,,,,,,,
157,Bahasa Indonesia,,,,,,,,,,,,,,,,,,,,,
158,Bahasa Melayu,,,,,,,,,,,,,,,,,,,,,
159,Bân-lâm-gú,,,,,,,,,,,,,,,,,,,,,
160,Български,,,,,,,,,,,,,,,,,,,,,
161,Català,,,,,,,,,,,,,,,,,,,,,
162,Čeština,,,,,,,,,,,,,,,,,,,,,
163,Dansk,,,,,,,,,,,,,,,,,,,,,
164,Esperanto,,,,,,,,,,,,,,,,,,,,,
165,Euskara,,,,,,,,,,,,,,,,,,,,,
166,فارسی,,,,,,,,,,,,,,,,,,,,,
167,עברית,,,,,,,,,,,,,,,,,,,,,
168,한국어,,,,,,,,,,,,,,,,,,,,,
169,Magyar,,,,,,,,,,,,,,,,,,,,,
170,Norsk Bokmål,,,,,,,,,,,,,,,,,,,,,
171,Română,,,,,,,,,,,,,,,,,,,,,
172,Srpski,,,,,,,,,,,,,,,,,,,,,
173,Srpskohrvatski,,,,,,,,,,,,,,,,,,,,,
174,Suomi,,,,,,,,,,,,,,,,,,,,,
175,Türkçe,,,,,,,,,,,,,,,,,,,,,
176,Asturianu,,,,,,,,,,,,,,,,,,,,,
177,Bosanski,,,,,,,,,,,,,,,,,,,,,
178,Eesti,,,,,,,,,,,,,,,,,,,,,
179,Ελληνικά,,,,,,,,,,,,,,,,,,,,,
180,Simple English,,,,,,,,,,,,,,,,,,,,,
181,Galego,,,,,,,,,,,,,,,,,,,,,
182,Hrvatski,,,,,,,,,,,,,,,,,,,,,
183,Latviešu,,,,,,,,,,,,,,,,,,,,,
184,Lietuvių,,,,,,,,,,,,,,,,,,,,,
185,മലയാളം,,,,,,,,,,,,,,,,,,,,,
186,Македонски,,,,,,,,,,,,,,,,,,,,,
187,Norsk nynorsk,,,,,,,,,,,,,,,,,,,,,
188,Slovenčina,,,,,,,,,,,,,,,,,,,,,
189,Slovenščina,,,,,,,,,,,,,,,,,,,,,
190,ไทย,,,,,,,,,,,,,,,,,,,,,
191,https://en.wikipedia.org/w/index.php?title=Main_Page&oldid=1004593520,,,,,,,,,,,,,,,,,,,,,
192,Talk,,,,,,,,,,,,,,,,,,,,,
193,Contributions,,,,,,,,,,,,,,,,,,,,,
194,Create account,,,,,,,,,,,,,,,,,,,,,
195,Log in,,,,,,,,,,,,,,,,,,,,,
196,Main Page,,,,,,,,,,,,,,,,,,,,,
197,Talk,,,,,,,,,,,,,,,,,,,,,
198,Read,,,,,,,,,,,,,,,,,,,,,
199,View source,,,,,,,,,,,,,,,,,,,,,
200,View history,,,,,,,,,,,,,,,,,,,,,
201,Main page,,,,,,,,,,,,,,,,,,,,,
202,Contents,,,,,,,,,,,,,,,,,,,,,
203,Current events,,,,,,,,,,,,,,,,,,,,,
204,Random article,,,,,,,,,,,,,,,,,,,,,
205,About Wikipedia,,,,,,,,,,,,,,,,,,,,,
206,Contact us,,,,,,,,,,,,,,,,,,,,,
207,Donate,,,,,,,,,,,,,,,,,,,,,
208,Help,,,,,,,,,,,,,,,,,,,,,
209,Learn to edit,,,,,,,,,,,,,,,,,,,,,
210,Community portal,,,,,,,,,,,,,,,,,,,,,
211,Recent changes,,,,,,,,,,,,,,,,,,,,,
212,Upload file,,,,,,,,,,,,,,,,,,,,,
213,What links here,,,,,,,,,,,,,,,,,,,,,
214,Related changes,,,,,,,,,,,,,,,,,,,,,
215,Upload file,,,,,,,,,,,,,,,,,,,,,
216,Special pages,,,,,,,,,,,,,,,,,,,,,
217,Permanent link,,,,,,,,,,,,,,,,,,,,,
218,Page information,,,,,,,,,,,,,,,,,,,,,
219,Cite this page,,,,,,,,,,,,,,,,,,,,,
220,Wikidata item,,,,,,,,,,,,,,,,,,,,,
221,Download as PDF,,,,,,,,,,,,,,,,,,,,,
222,Printable version,,,,,,,,,,,,,,,,,,,,,
223,Wikimedia Commons,,,,,,,,,,,,,,,,,,,,,
224,MediaWiki,,,,,,,,,,,,,,,,,,,,,
225,Meta-Wiki,,,,,,,,,,,,,,,,,,,,,
226,Wikispecies,,,,,,,,,,,,,,,,,,,,,
227,Wikibooks,,,,,,,,,,,,,,,,,,,,,
228,Wikidata,,,,,,,,,,,,,,,,,,,,,
229,Wikimania,,,,,,,,,,,,,,,,,,,,,
230,Wikinews,,,,,,,,,,,,,,,,,,,,,
231,Wikiquote,,,,,,,,,,,,,,,,,,,,,
232,Wikisource,,,,,,,,,,,,,,,,,,,,,
233,Wikiversity,,,,,,,,,,,,,,,,,,,,,
234,Wikivoyage,,,,,,,,,,,,,,,,,,,,,
235,Wiktionary,,,,,,,,,,,,,,,,,,,,,
236,العربية,,,,,,,,,,,,,,,,,,,,,
237,বাংলা,,,,,,,,,,,,,,,,,,,,,
238,Български,,,,,,,,,,,,,,,,,,,,,
239,Bosanski,,,,,,,,,,,,,,,,,,,,,
240,Català,,,,,,,,,,,,,,,,,,,,,
241,Čeština,,,,,,,,,,,,,,,,,,,,,
242,Dansk,,,,,,,,,,,,,,,,,,,,,
243,Deutsch,,,,,,,,,,,,,,,,,,,,,
244,Eesti,,,,,,,,,,,,,,,,,,,,,
245,Ελληνικά,,,,,,,,,,,,,,,,,,,,,
246,Español,,,,,,,,,,,,,,,,,,,,,
247,Esperanto,,,,,,,,,,,,,,,,,,,,,
248,Euskara,,,,,,,,,,,,,,,,,,,,,
249,فارسی,,,,,,,,,,,,,,,,,,,,,
250,Français,,,,,,,,,,,,,,,,,,,,,
251,Galego,,,,,,,,,,,,,,,,,,,,,
252,한국어,,,,,,,,,,,,,,,,,,,,,
253,Hrvatski,,,,,,,,,,,,,,,,,,,,,
254,Bahasa Indonesia,,,,,,,,,,,,,,,,,,,,,
255,Italiano,,,,,,,,,,,,,,,,,,,,,
256,עברית,,,,,,,,,,,,,,,,,,,,,
257,ქართული,,,,,,,,,,,,,,,,,,,,,
258,Latviešu,,,,,,,,,,,,,,,,,,,,,
259,Lietuvių,,,,,,,,,,,,,,,,,,,,,
260,Magyar,,,,,,,,,,,,,,,,,,,,,
261,Македонски,,,,,,,,,,,,,,,,,,,,,
262,Bahasa Melayu,,,,,,,,,,,,,,,,,,,,,
263,Nederlands,,,,,,,,,,,,,,,,,,,,,
264,日本語,,,,,,,,,,,,,,,,,,,,,
265,Norsk bokmål,,,,,,,,,,,,,,,,,,,,,
266,Norsk nynorsk,,,,,,,,,,,,,,,,,,,,,
267,Polski,,,,,,,,,,,,,,,,,,,,,
268,Português,,,,,,,,,,,,,,,,,,,,,
269,Română,,,,,,,,,,,,,,,,,,,,,
270,Русский,,,,,,,,,,,,,,,,,,,,,
271,Simple English,,,,,,,,,,,,,,,,,,,,,
272,Slovenčina,,,,,,,,,,,,,,,,,,,,,
273,Slovenščina,,,,,,,,,,,,,,,,,,,,,
274,Српски / srpski,,,,,,,,,,,,,,,,,,,,,
275,Srpskohrvatski / српскохрватски,,,,,,,,,,,,,,,,,,,,,
276,Suomi,,,,,,,,,,,,,,,,,,,,,
277,Svenska,,,,,,,,,,,,,,,,,,,,,
278,ไทย,,,,,,,,,,,,,,,,,,,,,
279,Türkçe,,,,,,,,,,,,,,,,,,,,,
280,Українська,,,,,,,,,,,,,,,,,,,,,
281,Tiếng Việt,,,,,,,,,,,,,,,,,,,,,
282,中文,,,,,,,,,,,,,,,,,,,,,
283,Creative Commons Attribution-ShareAlike License,,,,,,,,,,,,,,,,,,,,,
284,Terms of Use,,,,,,,,,,,,,,,,,,,,,
285,Privacy Policy,,,,,,,,,,,,,,,,,,,,,
286,"Wikimedia Foundation, Inc.",,,,,,,,,,,,,,,,,,,,,
287,Privacy policy,,,,,,,,,,,,,,,,,,,,,
288,About Wikipedia,,,,,,,,,,,,,,,,,,,,,
289,Disclaimers,,,,,,,,,,,,,,,,,,,,,
290,Contact Wikipedia,,,,,,,,,,,,,,,,,,,,,
291,Mobile view,,,,,,,,,,,,,,,,,,,,,
292,Developers,,,,,,,,,,,,,,,,,,,,,
293,Statistics,,,,,,,,,,,,,,,,,,,,,
294,Cookie statement,,,,,,,,,,,,,,,,,,,,,
295,,d.,,,,,,,,,,,,,,,,,,,,
296,,b.,,,,,,,,,,,,,,,,,,,,
297,,b.,,,,,,,,,,,,,,,,,,,,
298,,,Pacific swift,,,,,,,,,,,,,,,,,,,
299,,,Full article...,,,,,,,,,,,,,,,,,,,
300,,,Archive,,,,,,,,,,,,,,,,,,,
301,,,By email,,,,,,,,,,,,,,,,,,,
302,,,More featured articles,,,,,,,,,,,,,,,,,,,
303,,,A Reading from Homer,,,,,,,,,,,,,,,,,,,
304,,,Bangladesh women's team,,,,,,,,,,,,,,,,,,,
305,,,Benedict Joseph Fenwick,,,,,,,,,,,,,,,,,,,
306,,,2015 Football League Two play-off Final,,,,,,,,,,,,,,,,,,,
307,,,Richard Leibert,,,,,,,,,,,,,,,,,,,
308,,,Aidan Walsh: Master of the Universe,,,,,,,,,,,,,,,,,,,
309,,,Wild Woody,,,,,,,,,,,,,,,,,,,
310,,,Joe the Pigeon,,,,,,,,,,,,,,,,,,,
311,,,Archive,,,,,,,,,,,,,,,,,,,
312,,,Start a new article,,,,,,,,,,,,,,,,,,,
313,,,Nominate an article,,,,,,,,,,,,,,,,,,,
314,,,a coup d'état,,,,,,,,,,,,,,,,,,,
315,,,A coordinated short squeeze,,,,,,,,,,,,,,,,,,,
316,,,Kaja Kallas,,,,,,,,,,,,,,,,,,,
317,,,protests,,,,,,,,,,,,,,,,,,,
318,,,Ongoing,,,,,,,,,,,,,,,,,,,
319,,,Recent deaths,,,,,,,,,,,,,,,,,,,
320,,,Nominate an article,,,,,,,,,,,,,,,,,,,
321,,,February 4,,,,,,,,,,,,,,,,,,,
322,,,John Marshall,,,,,,,,,,,,,,,,,,,
323,,,Codex Sinaiticus,,,,,,,,,,,,,,,,,,,
324,,,Santo Tomas Internment Camp,,,,,,,,,,,,,,,,,,,
325,,,bombed a motor coach,,,,,,,,,,,,,,,,,,,
326,,,An earthquake,,,,,,,,,,,,,,,,,,,
327,,,Septimius Severus,,,,,,,,,,,,,,,,,,,
328,,,Étienne Desmarteau,,,,,,,,,,,,,,,,,,,
329,,,Betty Friedan,,,,,,,,,,,,,,,,,,,
330,,,February 4,,,,,,,,,,,,,,,,,,,
331,,,Archive,,,,,,,,,,,,,,,,,,,
332,,,By email,,,,,,,,,,,,,,,,,,,
333,,,List of days of the year,,,,,,,,,,,,,,,,,,,
334,,,pink-necked green pigeon,,,,,,,,,,,,,,,,,,,
335,,,Archive,,,,,,,,,,,,,,,,,,,
336,,,More featured pictures,,,,,,,,,,,,,,,,,,,
337,,,Community portal,,,,,,,,,,,,,,,,,,,
338,,,Help desk,,,,,,,,,,,,,,,,,,,
339,,,Local embassy,,,,,,,,,,,,,,,,,,,
340,,,Reference desk,,,,,,,,,,,,,,,,,,,
341,,,Site news,,,,,,,,,,,,,,,,,,,
342,,,Village pump,,,,,,,,,,,,,,,,,,,
343,,,Commons,,,,,,,,,,,,,,,,,,,
344,,,MediaWiki,,,,,,,,,,,,,,,,,,,
345,,,Meta-Wiki,,,,,,,,,,,,,,,,,,,
346,,,Wikibooks,,,,,,,,,,,,,,,,,,,
347,,,Wikidata,,,,,,,,,,,,,,,,,,,
348,,,Wikinews,,,,,,,,,,,,,,,,,,,
349,,,Wikiquote,,,,,,,,,,,,,,,,,,,
350,,,Wikisource,,,,,,,,,,,,,,,,,,,
351,,,Wikispecies,,,,,,,,,,,,,,,,,,,
352,,,Wikiversity,,,,,,,,,,,,,,,,,,,
353,,,Wikivoyage,,,,,,,,,,,,,,,,,,,
354,,,Wiktionary,,,,,,,,,,,,,,,,,,,
355,,,," This page was last edited on 3 February 2021, at 11:11 (UTC).Text is available under the Creative Commons Attribution-ShareAlike License;additional terms may apply.  By using this site, you agree to the Terms of Use and Privacy Policy. Wikipedia® is a registered trademark of the Wikimedia Foundation, Inc., a non-profit organization.Privacy policyAbout WikipediaDisclaimersContact WikipediaMobile viewDevelopersStatisticsCookie statement",,,,,,,,,,,,,,,,,,
356,,,,,,,,,,,,,,,,,,,,,,
357,,,,,,Main Page,,,,,,,,,,,,,,,,
358,,,,,,,From today's featured article,,,,,,,,,,,,,,,
359,,,,,,,Did you know ...,,,,,,,,,,,,,,,
360,,,,,,,In the news,,,,,,,,,,,,,,,
361,,,,,,,On this day,,,,,,,,,,,,,,,
362,,,,,,,Today's featured picture,,,,,,,,,,,,,,,
363,,,,,,,Other areas of Wikipedia,,,,,,,,,,,,,,,
364,,,,,,,Wikipedia's sister projects,,,,,,,,,,,,,,,
365,,,,,,,Wikipedia languages,,,,,,,,,,,,,,,
366,,,,,,,Navigation menu,,,,,,,,,,,,,,,
367,,,,,,,,Personal tools,,,,,,,,,,,,,,
368,,,,,,,,Namespaces,,,,,,,,,,,,,,
369,,,,,,,,Variants,,,,,,,,,,,,,,
370,,,,,,,,Views,,,,,,,,,,,,,,
371,,,,,,,,More,,,,,,,,,,,,,,
372,,,,,,,,Search,,,,,,,,,,,,,,
373,,,,,,,,Navigation,,,,,,,,,,,,,,
374,,,,,,,,Contribute,,,,,,,,,,,,,,
375,,,,,,,,Tools,,,,,,,,,,,,,,
376,,,,,,,,Print/export,,,,,,,,,,,,,,
377,,,,,,,,In other projects,,,,,,,,,,,,,,
378,,,,,,,,Languages,,,,,,,,,,,,,,
379,,,,,,,,,"Wikipedia, the free encyclopedia",,,,,,,,,,,,,
380,,,,,,,,,,Apus pacificus,,,,,,,,,,,,
381,,,,,,,,,,Groundhog Day,,,,,,,,,,,,
382,,,,,,,,,,A Reading from Homer,,,,,,,,,,,,
383,,,,,,,,,,A Reading from Homer,,,,,,,,,,,,
384,,,,,,,,,,(pictured),,,,,,,,,,,,
385,,,,,,,,,,Aidan Walsh: Master of the Universe,,,,,,,,,,,,
386,,,,,,,,,,Wild Woody,,,,,,,,,,,,
387,,,,,,,,,,(pictured),,,,,,,,,,,,
388,,,,,,,,,,(text sample pictured),,,,,,,,,,,,
389,,,,,,,,,,Treron vernans,,,,,,,,,,,,
390,,,,,,,,,,Ficus,,,,,,,,,,,,
391,,,,,,,,,,,,,,,,,,,,,,
392,,,,,,,,,,,,Search,,,,,,,,,,
393,,,,,,,,,,,,,The arts,,,,,,,,,
394,,,,,,,,,,,,,Biography,,,,,,,,,
395,,,,,,,,,,,,,Geography,,,,,,,,,
396,,,,,,,,,,,,,History,,,,,,,,,
397,,,,,,,,,,,,,Mathematics,,,,,,,,,
398,,,,,,,,,,,,,Science,,,,,,,,,
399,,,,,,,,,,,,,Society,,,,,,,,,
400,,,,,,,,,,,,,Technology,,,,,,,,,
401,,,,,,,,,,,,,All portals,,,,,,,,,
402,,,,,,,,,,,,,Bee-eater,,,,,,,,,
403,,,,,,,,,,,,,Groundhog Day (film),,,,,,,,,
404,,,,,,,,,,,,,Haane Manahi,,,,,,,,,
405,,,,,,,,,,,,,Archive,,,,,,,,,
406,,,,,,,,,,,,,By email,,,,,,,,,
407,,,,,,,,,,,,,More featured articles,,,,,,,,,
408,,,,,,,,,,,,,... that everything in A Reading from Homer (pictured) is classicist but not everything is ancient?,,,,,,,,,
409,,,,,,,,,,,,,... that the Bangladesh women's team won the first One Day International cricket match they played?,,,,,,,,,
410,,,,,,,,,,,,,"... that Benedict Joseph Fenwick was unable to generate interest in opening the College of the Holy Cross in the wilderness of Maine and so founded it instead in Worcester, Massachusetts?",,,,,,,,,
411,,,,,,,,,,,,,... that the opposing managers watched the penalty shootout that decided the 2015 Football League Two play-off Final together?,,,,,,,,,
412,,,,,,,,,,,,,... that Radio City Music Hall organist Richard Leibert eloped twice with the daughter of a U.S. congressman?,,,,,,,,,
413,,,,,,,,,,,,,"... that the documentary Aidan Walsh: Master of the Universe explores the life of the musician who signed ""Ireland's fastest ever record deal""?",,,,,,,,,
414,,,,,,,,,,,,,... that the video game Wild Woody contains an Easter egg that displays a topless mermaid if certain items are collected in order?,,,,,,,,,
415,,,,,,,,,,,,,... that Joe the Pigeon was granted a pardon by the Australian government after being sentenced to euthanasia?,,,,,,,,,
416,,,,,,,,,,,,,Archive,,,,,,,,,
417,,,,,,,,,,,,,Start a new article,,,,,,,,,
418,,,,,,,,,,,,,Nominate an article,,,,,,,,,
419,,,,,,,,,,,,,"Aung San Suu Kyi (pictured), the State Counsellor of Myanmar, is detained by the military in a coup d'état.",,,,,,,,,
420,,,,,,,,,,,,,A coordinated short squeeze targeting American hedge funds causes GameStop's stock price to spike.,,,,,,,,,
421,,,,,,,,,,,,,"Kaja Kallas becomes the first female Prime Minister of Estonia, following the resignation of Jüri Ratas.",,,,,,,,,
422,,,,,,,,,,,,,"In Russia, protests against the arrest of Alexei Navalny occur in more than 120 towns and cities.",,,,,,,,,
423,,,,,,,,,,,,,COVID-19 pandemic,,,,,,,,,
424,,,,,,,,,,,,,Indian farmers' protest,,,,,,,,,
425,,,,,,,,,,,,,Abu Salman Shahjahanpuri,,,,,,,,,
426,,,,,,,,,,,,,Wayne Terwilliger,,,,,,,,,
427,,,,,,,,,,,,,Bob McCallister,,,,,,,,,
428,,,,,,,,,,,,,Simeon Nyachae,,,,,,,,,
429,,,,,,,,,,,,,Dustin Diamond,,,,,,,,,
430,,,,,,,,,,,,,Maureen Colquhoun,,,,,,,,,
431,,,,,,,,,,,,,Nominate an article,,,,,,,,,
432,,,,,,,,,,,,,"1801 – John Marshall, whose court opinions helped lay the basis for U.S. constitutional law and made the Supreme Court a coequal branch of government, took office as chief justice.",,,,,,,,,
433,,,,,,,,,,,,,"1859 – Constantin von Tischendorf rediscovered the Codex Sinaiticus (text sample pictured), a 4th-century great uncial codex of the Bible in Greek, in Saint Catherine's Monastery, Egypt.",,,,,,,,,
434,,,,,,,,,,,,,"1945 – World War II: U.S. forces liberated the Santo Tomas Internment Camp in Manila, the largest Japanese internment camp in the Philippines.",,,,,,,,,
435,,,,,,,,,,,,,"1974 – The Provisional Irish Republican Army bombed a motor coach carrying off-duty British Armed Forces personnel and their family members, killing twelve people.",,,,,,,,,
436,,,,,,,,,,,,,"1998 – An earthquake registering 5.9 MW struck northern Afghanistan, triggering landslides that killed over 2,300 people and destroyed around 15,000 homes.",,,,,,,,,
437,,,,,,,,,,,,,Septimius Severus  (d. 211),,,,,,,,,
438,,,,,,,,,,,,,Étienne Desmarteau  (b. 1873),,,,,,,,,
439,,,,,,,,,,,,,Betty Friedan  (b. 1921),,,,,,,,,
440,,,,,,,,,,,,,February 3,,,,,,,,,
441,,,,,,,,,,,,,February 4,,,,,,,,,
442,,,,,,,,,,,,,February 5,,,,,,,,,
443,,,,,,,,,,,,,Archive,,,,,,,,,
444,,,,,,,,,,,,,By email,,,,,,,,,
445,,,,,,,,,,,,,List of days of the year,,,,,,,,,
446,,,,,,,,,,,,,Robert Earl Jones,,,,,,,,,
447,,,,,,,,,,,,,San Lorenzo,,,,,,,,,
448,,,,,,,,,,,,,Robinson projection,,,,,,,,,
449,,,,,,,,,,,,,Archive,,,,,,,,,
450,,,,,,,,,,,,,More featured pictures,,,,,,,,,
451,,,,,,,,,,,,,"Community portal – Bulletin board, projects, resources and activities covering a wide range of Wikipedia areas.",,,,,,,,,
452,,,,,,,,,,,,,Help desk – Ask questions about using Wikipedia.,,,,,,,,,
453,,,,,,,,,,,,,Local embassy – For Wikipedia-related communication in languages other than English.,,,,,,,,,
454,,,,,,,,,,,,,"Reference desk – Serving as virtual librarians, Wikipedia volunteers tackle your questions on a wide range of subjects.",,,,,,,,,
455,,,,,,,,,,,,,"Site news – Announcements, updates, articles and press releases on Wikipedia and the Wikimedia Foundation.",,,,,,,,,
456,,,,,,,,,,,,,"Village pump – For discussions about Wikipedia itself, including areas for technical issues and policies.",,,,,,,,,
457,,,,,,,,,,,,,"1,000,000+ articlesالعربيةDeutschEspañolFrançaisItalianoNederlands日本語PolskiPortuguêsРусскийSvenskaУкраїнськаTiếng Việt中文",,,,,,,,,
458,,,,,,,,,,,,,العربية,,,,,,,,,
459,,,,,,,,,,,,,Deutsch,,,,,,,,,
460,,,,,,,,,,,,,Español,,,,,,,,,
461,,,,,,,,,,,,,Français,,,,,,,,,
462,,,,,,,,,,,,,Italiano,,,,,,,,,
463,,,,,,,,,,,,,Nederlands,,,,,,,,,
464,,,,,,,,,,,,,日本語,,,,,,,,,
465,,,,,,,,,,,,,Polski,,,,,,,,,
466,,,,,,,,,,,,,Português,,,,,,,,,
467,,,,,,,,,,,,,Русский,,,,,,,,,
468,,,,,,,,,,,,,Svenska,,,,,,,,,
469,,,,,,,,,,,,,Українська,,,,,,,,,
470,,,,,,,,,,,,,Tiếng Việt,,,,,,,,,
471,,,,,,,,,,,,,中文,,,,,,,,,
472,,,,,,,,,,,,,"250,000+ articlesBahasa IndonesiaBahasa MelayuBân-lâm-gúБългарскиCatalàČeštinaDanskEsperantoEuskaraفارسی‎עברית한국어MagyarNorsk BokmålRomânăSrpskiSrpskohrvatskiSuomiTürkçe",,,,,,,,,
473,,,,,,,,,,,,,Bahasa Indonesia,,,,,,,,,
474,,,,,,,,,,,,,Bahasa Melayu,,,,,,,,,
475,,,,,,,,,,,,,Bân-lâm-gú,,,,,,,,,
476,,,,,,,,,,,,,Български,,,,,,,,,
477,,,,,,,,,,,,,Català,,,,,,,,,
478,,,,,,,,,,,,,Čeština,,,,,,,,,
479,,,,,,,,,,,,,Dansk,,,,,,,,,
480,,,,,,,,,,,,,Esperanto,,,,,,,,,
481,,,,,,,,,,,,,Euskara,,,,,,,,,
482,,,,,,,,,,,,,فارسی‎,,,,,,,,,
483,,,,,,,,,,,,,עברית,,,,,,,,,
484,,,,,,,,,,,,,한국어,,,,,,,,,
485,,,,,,,,,,,,,Magyar,,,,,,,,,
486,,,,,,,,,,,,,Norsk Bokmål,,,,,,,,,
487,,,,,,,,,,,,,Română,,,,,,,,,
488,,,,,,,,,,,,,Srpski,,,,,,,,,
489,,,,,,,,,,,,,Srpskohrvatski,,,,,,,,,
490,,,,,,,,,,,,,Suomi,,,,,,,,,
491,,,,,,,,,,,,,Türkçe,,,,,,,,,
492,,,,,,,,,,,,,"50,000+ articlesAsturianuBosanskiEestiΕλληνικάSimple EnglishGalegoHrvatskiLatviešuLietuviųമലയാളംМакедонскиNorsk nynorskSlovenčinaSlovenščinaไทย",,,,,,,,,
493,,,,,,,,,,,,,Asturianu,,,,,,,,,
494,,,,,,,,,,,,,Bosanski,,,,,,,,,
495,,,,,,,,,,,,,Eesti,,,,,,,,,
496,,,,,,,,,,,,,Ελληνικά,,,,,,,,,
497,,,,,,,,,,,,,Simple English,,,,,,,,,
498,,,,,,,,,,,,,Galego,,,,,,,,,
499,,,,,,,,,,,,,Hrvatski,,,,,,,,,
500,,,,,,,,,,,,,Latviešu,,,,,,,,,
501,,,,,,,,,,,,,Lietuvių,,,,,,,,,
502,,,,,,,,,,,,,മലയാളം,,,,,,,,,
503,,,,,,,,,,,,,Македонски,,,,,,,,,
504,,,,,,,,,,,,,Norsk nynorsk,,,,,,,,,
505,,,,,,,,,,,,,Slovenčina,,,,,,,,,
506,,,,,,,,,,,,,Slovenščina,,,,,,,,,
507,,,,,,,,,,,,,ไทย,,,,,,,,,
508,,,,,,,,,,,,,Not logged in,,,,,,,,,
509,,,,,,,,,,,,,Talk,,,,,,,,,
510,,,,,,,,,,,,,Contributions,,,,,,,,,
511,,,,,,,,,,,,,Create account,,,,,,,,,
512,,,,,,,,,,,,,Log in,,,,,,,,,
513,,,,,,,,,,,,,Main Page,,,,,,,,,
514,,,,,,,,,,,,,Talk,,,,,,,,,
515,,,,,,,,,,,,,Read,,,,,,,,,
516,,,,,,,,,,,,,View source,,,,,,,,,
517,,,,,,,,,,,,,View history,,,,,,,,,
518,,,,,,,,,,,,,Main page,,,,,,,,,
519,,,,,,,,,,,,,Contents,,,,,,,,,
520,,,,,,,,,,,,,Current events,,,,,,,,,
521,,,,,,,,,,,,,Random article,,,,,,,,,
522,,,,,,,,,,,,,About Wikipedia,,,,,,,,,
523,,,,,,,,,,,,,Contact us,,,,,,,,,
524,,,,,,,,,,,,,Donate,,,,,,,,,
525,,,,,,,,,,,,,Help,,,,,,,,,
526,,,,,,,,,,,,,Learn to edit,,,,,,,,,
527,,,,,,,,,,,,,Community portal,,,,,,,,,
528,,,,,,,,,,,,,Recent changes,,,,,,,,,
529,,,,,,,,,,,,,Upload file,,,,,,,,,
530,,,,,,,,,,,,,What links here,,,,,,,,,
531,,,,,,,,,,,,,Related changes,,,,,,,,,
532,,,,,,,,,,,,,Upload file,,,,,,,,,
533,,,,,,,,,,,,,Special pages,,,,,,,,,
534,,,,,,,,,,,,,Permanent link,,,,,,,,,
535,,,,,,,,,,,,,Page information,,,,,,,,,
536,,,,,,,,,,,,,Cite this page,,,,,,,,,
537,,,,,,,,,,,,,Wikidata item,,,,,,,,,
538,,,,,,,,,,,,,Download as PDF,,,,,,,,,
539,,,,,,,,,,,,,Printable version,,,,,,,,,
540,,,,,,,,,,,,,Wikimedia Commons,,,,,,,,,
541,,,,,,,,,,,,,MediaWiki,,,,,,,,,
542,,,,,,,,,,,,,Meta-Wiki,,,,,,,,,
543,,,,,,,,,,,,,Wikispecies,,,,,,,,,
544,,,,,,,,,,,,,Wikibooks,,,,,,,,,
545,,,,,,,,,,,,,Wikidata,,,,,,,,,
546,,,,,,,,,,,,,Wikimania,,,,,,,,,
547,,,,,,,,,,,,,Wikinews,,,,,,,,,
548,,,,,,,,,,,,,Wikiquote,,,,,,,,,
549,,,,,,,,,,,,,Wikisource,,,,,,,,,
550,,,,,,,,,,,,,Wikiversity,,,,,,,,,
551,,,,,,,,,,,,,Wikivoyage,,,,,,,,,
552,,,,,,,,,,,,,Wiktionary,,,,,,,,,
553,,,,,,,,,,,,,العربية,,,,,,,,,
554,,,,,,,,,,,,,বাংলা,,,,,,,,,
555,,,,,,,,,,,,,Български,,,,,,,,,
556,,,,,,,,,,,,,Bosanski,,,,,,,,,
557,,,,,,,,,,,,,Català,,,,,,,,,
558,,,,,,,,,,,,,Čeština,,,,,,,,,
559,,,,,,,,,,,,,Dansk,,,,,,,,,
560,,,,,,,,,,,,,Deutsch,,,,,,,,,
561,,,,,,,,,,,,,Eesti,,,,,,,,,
562,,,,,,,,,,,,,Ελληνικά,,,,,,,,,
563,,,,,,,,,,,,,Español,,,,,,,,,
564,,,,,,,,,,,,,Esperanto,,,,,,,,,
565,,,,,,,,,,,,,Euskara,,,,,,,,,
566,,,,,,,,,,,,,فارسی,,,,,,,,,
567,,,,,,,,,,,,,Français,,,,,,,,,
568,,,,,,,,,,,,,Galego,,,,,,,,,
569,,,,,,,,,,,,,한국어,,,,,,,,,
570,,,,,,,,,,,,,Hrvatski,,,,,,,,,
571,,,,,,,,,,,,,Bahasa Indonesia,,,,,,,,,
572,,,,,,,,,,,,,Italiano,,,,,,,,,
573,,,,,,,,,,,,,עברית,,,,,,,,,
574,,,,,,,,,,,,,ქართული,,,,,,,,,
575,,,,,,,,,,,,,Latviešu,,,,,,,,,
576,,,,,,,,,,,,,Lietuvių,,,,,,,,,
577,,,,,,,,,,,,,Magyar,,,,,,,,,
578,,,,,,,,,,,,,Македонски,,,,,,,,,
579,,,,,,,,,,,,,Bahasa Melayu,,,,,,,,,
580,,,,,,,,,,,,,Nederlands,,,,,,,,,
581,,,,,,,,,,,,,日本語,,,,,,,,,
582,,,,,,,,,,,,,Norsk bokmål,,,,,,,,,
583,,,,,,,,,,,,,Norsk nynorsk,,,,,,,,,
584,,,,,,,,,,,,,Polski,,,,,,,,,
585,,,,,,,,,,,,,Português,,,,,,,,,
586,,,,,,,,,,,,,Română,,,,,,,,,
587,,,,,,,,,,,,,Русский,,,,,,,,,
588,,,,,,,,,,,,,Simple English,,,,,,,,,
589,,,,,,,,,,,,,Slovenčina,,,,,,,,,
590,,,,,,,,,,,,,Slovenščina,,,,,,,,,
591,,,,,,,,,,,,,Српски / srpski,,,,,,,,,
592,,,,,,,,,,,,,Srpskohrvatski / српскохрватски,,,,,,,,,
593,,,,,,,,,,,,,Suomi,,,,,,,,,
594,,,,,,,,,,,,,Svenska,,,,,,,,,
595,,,,,,,,,,,,,ไทย,,,,,,,,,
596,,,,,,,,,,,,,Türkçe,,,,,,,,,
597,,,,,,,,,,,,,Українська,,,,,,,,,
598,,,,,,,,,,,,,Tiếng Việt,,,,,,,,,
599,,,,,,,,,,,,,中文,,,,,,,,,
600,,,,,,,,,,,,," This page was last edited on 3 February 2021, at 11:11 (UTC).",,,,,,,,,
601,,,,,,,,,,,,,"Text is available under the Creative Commons Attribution-ShareAlike License;additional terms may apply.  By using this site, you agree to the Terms of Use and Privacy Policy. Wikipedia® is a registered trademark of the Wikimedia Foundation, Inc., a non-profit organization.",,,,,,,,,
602,,,,,,,,,,,,,Privacy policy,,,,,,,,,
603,,,,,,,,,,,,,About Wikipedia,,,,,,,,,
604,,,,,,,,,,,,,Disclaimers,,,,,,,,,
605,,,,,,,,,,,,,Contact Wikipedia,,,,,,,,,
606,,,,,,,,,,,,,Mobile view,,,,,,,,,
607,,,,,,,,,,,,,Developers,,,,,,,,,
608,,,,,,,,,,,,,Statistics,,,,,,,,,
609,,,,,,,,,,,,,Cookie statement,,,,,,,,,
610,,,,,,,,,,,,,,Personal toolsNot logged inTalkContributionsCreate accountLog in,,,,,,,,
611,,,,,,,,,,,,,,NamespacesMain PageTalk,,,,,,,,
612,,,,,,,,,,,,,,Variants,,,,,,,,
613,,,,,,,,,,,,,,ViewsReadView sourceView history,,,,,,,,
614,,,,,,,,,,,,,,More,,,,,,,,
615,,,,,,,,,,,,,,NavigationMain pageContentsCurrent eventsRandom articleAbout WikipediaContact usDonate,,,,,,,,
616,,,,,,,,,,,,,,ContributeHelpLearn to editCommunity portalRecent changesUpload file,,,,,,,,
617,,,,,,,,,,,,,,ToolsWhat links hereRelated changesUpload fileSpecial pagesPermanent linkPage informationCite this pageWikidata item,,,,,,,,
618,,,,,,,,,,,,,,Print/exportDownload as PDFPrintable version,,,,,,,,
619,,,,,,,,,,,,,,In other projectsWikimedia CommonsMediaWikiMeta-WikiWikispeciesWikibooksWikidataWikimaniaWikinewsWikiquoteWikisourceWikiversityWikivoyageWiktionary,,,,,,,,
620,,,,,,,,,,,,,,LanguagesالعربيةবাংলাБългарскиBosanskiCatalàČeštinaDanskDeutschEestiΕλληνικάEspañolEsperantoEuskaraفارسیFrançaisGalego한국어HrvatskiBahasa IndonesiaItalianoעבריתქართულიLatviešuLietuviųMagyarМакедонскиBahasa MelayuNederlands日本語Norsk bokmålNorsk nynorskPolskiPortuguêsRomânăРусскийSimple EnglishSlovenčinaSlovenščinaСрпски / srpskiSrpskohrvatski / српскохрватскиSuomiSvenskaไทยTürkçeУкраїнськаTiếng Việt中文,,,,,,,,
621,,,,,,,,,,,,,,,"The Pacific swift (Apus pacificus) is a bird that breeds in eastern Asia. This swift is strongly migratory, spending the northern hemisphere's winter in a wide range of habitats in Southeast Asia and Australia. The general shape and blackish plumage recall its relative, the common swift, from which it is distinguished by a white rump band and heavily marked underparts. Its main call is a screech typical of its family. It breeds in sheltered locations such as caves and rock crevices, or under the eaves of houses. The nest is a half-cup of dry grass and other fine material that is gathered in flight, cemented with saliva and attached to a vertical surface. Two or three white eggs are incubated for about seventeen days before hatching. Like all swifts, the Pacific swift feeds exclusively on insects caught in flight. The species has a large population that occurs as far afield as the US and New Zealand, and rarely in Europe. (Full article...)",,,,,,,
622,,,,,,,,,,,,,,,February 4,,,,,,,
623,,,,,,,,,,,,,,,"The pink-necked green pigeon (Treron vernans) is a species of bird in the dove family, Columbidae, common in Southeast Asia. It is primarily a frugivore, feeding in groups in the mid-canopy on figs and other fruits. It is an important disperser of fruit seeds in forests, and is thought to be one of the species responsible for helping to return many Ficus species to the islands of Krakatoa in Indonesia after the archipelago was largely destroyed in the 1883 eruption. This male pink-necked green pigeon was photographed in Kent Ridge Park, Singapore.",,,,,,,
624,,,,,,,,,,,,,,,Photograph credit: John Harrison,,,,,,,
625,,,,,,,,,,,,,,,"Wikipedia is hosted by the Wikimedia Foundation, a non-profit organization that also hosts a range of other projects:",,,,,,,
626,,,,,,,,,,,,,,,This Wikipedia is written in English. Many other Wikipedias are available; some of the largest are listed below.,,,,,,,
627,,,,,,,,,,,,,,,,Photograph credit: John Harrison,,,,,,
628,,,,,,,,,,,,,,,,,From today's featured article,,,,,
629,,,,,,,,,,,,,,,,,Did you know ...,,,,,
630,,,,,,,,,,,,,,,,,In the news,,,,,
631,,,,,,,,,,,,,,,,,On this day,,,,,
632,,,,,,,,,,,,,,,,,Today's featured picture,,,,,
633,,,,,,,,,,,,,,,,,Other areas of Wikipedia,,,,,
634,,,,,,,,,,,,,,,,,Wikipedia's sister projects,,,,,
635,,,,,,,,,,,,,,,,,Wikipedia languages,,,,,
636,,,,,,,,,,,,,,,,,العربية,,,,,
637,,,,,,,,,,,,,,,,,Deutsch,,,,,
638,,,,,,,,,,,,,,,,,Español,,,,,
639,,,,,,,,,,,,,,,,,Français,,,,,
640,,,,,,,,,,,,,,,,,Italiano,,,,,
641,,,,,,,,,,,,,,,,,Nederlands,,,,,
642,,,,,,,,,,,,,,,,,日本語,,,,,
643,,,,,,,,,,,,,,,,,Polski,,,,,
644,,,,,,,,,,,,,,,,,Português,,,,,
645,,,,,,,,,,,,,,,,,Русский,,,,,
646,,,,,,,,,,,,,,,,,Svenska,,,,,
647,,,,,,,,,,,,,,,,,Українська,,,,,
648,,,,,,,,,,,,,,,,,Tiếng Việt,,,,,
649,,,,,,,,,,,,,,,,,中文,,,,,
650,,,,,,,,,,,,,,,,,Bahasa Indonesia,,,,,
651,,,,,,,,,,,,,,,,,Bahasa Melayu,,,,,
652,,,,,,,,,,,,,,,,,Bân-lâm-gú,,,,,
653,,,,,,,,,,,,,,,,,Български,,,,,
654,,,,,,,,,,,,,,,,,Català,,,,,
655,,,,,,,,,,,,,,,,,Čeština,,,,,
656,,,,,,,,,,,,,,,,,Dansk,,,,,
657,,,,,,,,,,,,,,,,,Esperanto,,,,,
658,,,,,,,,,,,,,,,,,Euskara,,,,,
659,,,,,,,,,,,,,,,,,فارسی,,,,,
660,,,,,,,,,,,,,,,,,עברית,,,,,
661,,,,,,,,,,,,,,,,,한국어,,,,,
662,,,,,,,,,,,,,,,,,Magyar,,,,,
663,,,,,,,,,,,,,,,,,Norsk Bokmål,,,,,
664,,,,,,,,,,,,,,,,,Română,,,,,
665,,,,,,,,,,,,,,,,,Srpski,,,,,
666,,,,,,,,,,,,,,,,,Srpskohrvatski,,,,,
667,,,,,,,,,,,,,,,,,Suomi,,,,,
668,,,,,,,,,,,,,,,,,Türkçe,,,,,
669,,,,,,,,,,,,,,,,,Asturianu,,,,,
670,,,,,,,,,,,,,,,,,Bosanski,,,,,
671,,,,,,,,,,,,,,,,,Eesti,,,,,
672,,,,,,,,,,,,,,,,,Ελληνικά,,,,,
673,,,,,,,,,,,,,,,,,Simple English,,,,,
674,,,,,,,,,,,,,,,,,Galego,,,,,
675,,,,,,,,,,,,,,,,,Hrvatski,,,,,
676,,,,,,,,,,,,,,,,,Latviešu,,,,,
677,,,,,,,,,,,,,,,,,Lietuvių,,,,,
678,,,,,,,,,,,,,,,,,മലയാളം,,,,,
679,,,,,,,,,,,,,,,,,Македонски,,,,,
680,,,,,,,,,,,,,,,,,Norsk nynorsk,,,,,
681,,,,,,,,,,,,,,,,,Slovenčina,,,,,
682,,,,,,,,,,,,,,,,,Slovenščina,,,,,
683,,,,,,,,,,,,,,,,,ไทย,,,,,
684,,,,,,,,,,,,,,,,,Personal tools,,,,,
685,,,,,,,,,,,,,,,,,Namespaces,,,,,
686,,,,,,,,,,,,,,,,,Variants,,,,,
687,,,,,,,,,,,,,,,,,Views,,,,,
688,,,,,,,,,,,,,,,,,More,,,,,
689,,,,,,,,,,,,,,,,,Navigation,,,,,
690,,,,,,,,,,,,,,,,,Contribute,,,,,
691,,,,,,,,,,,,,,,,,Tools,,,,,
692,,,,,,,,,,,,,,,,,Print/export,,,,,
693,,,,,,,,,,,,,,,,,In other projects,,,,,
694,,,,,,,,,,,,,,,,,Languages,,,,,
695,,,,,,,,,,,,,,,,, (UTC),,,,,
696,,,,,,,,,,,,,,,,,,W,,,,
697,,,,,,,,,,,,,,,,,,,"From today's featured articleThe Pacific swift (Apus pacificus) is a bird that breeds in eastern Asia. This swift is strongly migratory, spending the northern hemisphere's winter in a wide range of habitats in Southeast Asia and Australia. The general shape and blackish plumage recall its relative, the common swift, from which it is distinguished by a white rump band and heavily marked underparts. Its main call is a screech typical of its family. It breeds in sheltered locations such as caves and rock crevices, or under the eaves of houses. The nest is a half-cup of dry grass and other fine material that is gathered in flight, cemented with saliva and attached to a vertical surface. Two or three white eggs are incubated for about seventeen days before hatching. Like all swifts, the Pacific swift feeds exclusively on insects caught in flight. The species has a large population that occurs as far afield as the US and New Zealand, and rarely in Europe. (Full article...)Recently featured: Bee-eaterGroundhog Day (film)Haane ManahiArchiveBy emailMore featured articlesDid you know ...A Reading from Homer... that everything in A Reading from Homer (pictured) is classicist but not everything is ancient?... that the Bangladesh women's team won the first One Day International cricket match they played?... that Benedict Joseph Fenwick was unable to generate interest in opening the College of the Holy Cross in the wilderness of Maine and so founded it instead in Worcester, Massachusetts?... that the opposing managers watched the penalty shootout that decided the 2015 Football League Two play-off Final together?... that Radio City Music Hall organist Richard Leibert eloped twice with the daughter of a U.S. congressman?... that the documentary Aidan Walsh: Master of the Universe explores the life of the musician who signed ""Ireland's fastest ever record deal""?... that the video game Wild Woody contains an Easter egg that displays a topless mermaid if certain items are collected in order?... that Joe the Pigeon was granted a pardon by the Australian government after being sentenced to euthanasia?ArchiveStart a new articleNominate an articleIn the newsAung San Suu KyiAung San Suu Kyi (pictured), the State Counsellor of Myanmar, is detained by the military in a coup d'état.A coordinated short squeeze targeting American hedge funds causes GameStop's stock price to spike.Kaja Kallas becomes the first female Prime Minister of Estonia, following the resignation of Jüri Ratas.In Russia, protests against the arrest of Alexei Navalny occur in more than 120 towns and cities.Ongoing: COVID-19 pandemicIndian farmers' protestRecent deaths: Abu Salman ShahjahanpuriWayne TerwilligerBob McCallisterSimeon NyachaeDustin DiamondMaureen ColquhounNominate an articleOn this dayFebruary 4Luke 11:2 in the Codex Sinaiticus1801 – John Marshall, whose court opinions helped lay the basis for U.S. constitutional law and made the Supreme Court a coequal branch of government, took office as chief justice.1859 – Constantin von Tischendorf rediscovered the Codex Sinaiticus (text sample pictured), a 4th-century great uncial codex of the Bible in Greek, in Saint Catherine's Monastery, Egypt.1945 – World War II: U.S. forces liberated the Santo Tomas Internment Camp in Manila, the largest Japanese internment camp in the Philippines.1974 – The Provisional Irish Republican Army bombed a motor coach carrying off-duty British Armed Forces personnel and their family members, killing twelve people.1998 – An earthquake registering 5.9 MW struck northern Afghanistan, triggering landslides that killed over 2,300 people and destroyed around 15,000 homes.Septimius Severus  (d. 211)Étienne Desmarteau  (b. 1873)Betty Friedan  (b. 1921)More anniversaries: February 3February 4February 5ArchiveBy emailList of days of the year",,,
698,,,,,,,,,,,,,,,,,,,"The pink-necked green pigeon (Treron vernans) is a species of bird in the dove family, Columbidae, common in Southeast Asia. It is primarily a frugivore, feeding in groups in the mid-canopy on figs and other fruits. It is an important disperser of fruit seeds in forests, and is thought to be one of the species responsible for helping to return many Ficus species to the islands of Krakatoa in Indonesia after the archipelago was largely destroyed in the 1883 eruption. This male pink-necked green pigeon was photographed in Kent Ridge Park, Singapore.Photograph credit: John HarrisonRecently featured: Robert Earl JonesSan LorenzoRobinson projectionArchiveMore featured pictures",,,
699,,,,,,,,,,,,,,,,,,,,"Wikipedia, the free encyclopedia",,
700,,,,,,,,,,,,,,,,,,,,,"From today's featured articleThe Pacific swift (Apus pacificus) is a bird that breeds in eastern Asia. This swift is strongly migratory, spending the northern hemisphere's winter in a wide range of habitats in Southeast Asia and Australia. The general shape and blackish plumage recall its relative, the common swift, from which it is distinguished by a white rump band and heavily marked underparts. Its main call is a screech typical of its family. It breeds in sheltered locations such as caves and rock crevices, or under the eaves of houses. The nest is a half-cup of dry grass and other fine material that is gathered in flight, cemented with saliva and attached to a vertical surface. Two or three white eggs are incubated for about seventeen days before hatching. Like all swifts, the Pacific swift feeds exclusively on insects caught in flight. The species has a large population that occurs as far afield as the US and New Zealand, and rarely in Europe. (Full article...)Recently featured: Bee-eaterGroundhog Day (film)Haane ManahiArchiveBy emailMore featured articlesDid you know ...A Reading from Homer... that everything in A Reading from Homer (pictured) is classicist but not everything is ancient?... that the Bangladesh women's team won the first One Day International cricket match they played?... that Benedict Joseph Fenwick was unable to generate interest in opening the College of the Holy Cross in the wilderness of Maine and so founded it instead in Worcester, Massachusetts?... that the opposing managers watched the penalty shootout that decided the 2015 Football League Two play-off Final together?... that Radio City Music Hall organist Richard Leibert eloped twice with the daughter of a U.S. congressman?... that the documentary Aidan Walsh: Master of the Universe explores the life of the musician who signed ""Ireland's fastest ever record deal""?... that the video game Wild Woody contains an Easter egg that displays a topless mermaid if certain items are collected in order?... that Joe the Pigeon was granted a pardon by the Australian government after being sentenced to euthanasia?ArchiveStart a new articleNominate an articleIn the newsAung San Suu KyiAung San Suu Kyi (pictured), the State Counsellor of Myanmar, is detained by the military in a coup d'état.A coordinated short squeeze targeting American hedge funds causes GameStop's stock price to spike.Kaja Kallas becomes the first female Prime Minister of Estonia, following the resignation of Jüri Ratas.In Russia, protests against the arrest of Alexei Navalny occur in more than 120 towns and cities.Ongoing: COVID-19 pandemicIndian farmers' protestRecent deaths: Abu Salman ShahjahanpuriWayne TerwilligerBob McCallisterSimeon NyachaeDustin DiamondMaureen ColquhounNominate an articleOn this dayFebruary 4Luke 11:2 in the Codex Sinaiticus1801 – John Marshall, whose court opinions helped lay the basis for U.S. constitutional law and made the Supreme Court a coequal branch of government, took office as chief justice.1859 – Constantin von Tischendorf rediscovered the Codex Sinaiticus (text sample pictured), a 4th-century great uncial codex of the Bible in Greek, in Saint Catherine's Monastery, Egypt.1945 – World War II: U.S. forces liberated the Santo Tomas Internment Camp in Manila, the largest Japanese internment camp in the Philippines.1974 – The Provisional Irish Republican Army bombed a motor coach carrying off-duty British Armed Forces personnel and their family members, killing twelve people.1998 – An earthquake registering 5.9 MW struck northern Afghanistan, triggering landslides that killed over 2,300 people and destroyed around 15,000 homes.Septimius Severus  (d. 211)Étienne Desmarteau  (b. 1873)Betty Friedan  (b. 1921)More anniversaries: February 3February 4February 5ArchiveBy emailList of days of the year",
701,,,,,,,,,,,,,,,,,,,,,"The pink-necked green pigeon (Treron vernans) is a species of bird in the dove family, Columbidae, common in Southeast Asia. It is primarily a frugivore, feeding in groups in the mid-canopy on figs and other fruits. It is an important disperser of fruit seeds in forests, and is thought to be one of the species responsible for helping to return many Ficus species to the islands of Krakatoa in Indonesia after the archipelago was largely destroyed in the 1883 eruption. This male pink-necked green pigeon was photographed in Kent Ridge Park, Singapore.Photograph credit: John HarrisonRecently featured: Robert Earl JonesSan LorenzoRobinson projectionArchiveMore featured pictures",
702,,,,,,,,,,,,,,,,,,,,,,The artsBiographyGeographyHistoryMathematicsScienceSocietyTechnologyAll portals
703,,,,,,,,,,,,,,,,,,,,,,Bee-eaterGroundhog Day (film)Haane Manahi
704,,,,,,,,,,,,,,,,,,,,,,ArchiveBy emailMore featured articles
705,,,,,,,,,,,,,,,,,,,,,,"... that everything in A Reading from Homer (pictured) is classicist but not everything is ancient?... that the Bangladesh women's team won the first One Day International cricket match they played?... that Benedict Joseph Fenwick was unable to generate interest in opening the College of the Holy Cross in the wilderness of Maine and so founded it instead in Worcester, Massachusetts?... that the opposing managers watched the penalty shootout that decided the 2015 Football League Two play-off Final together?... that Radio City Music Hall organist Richard Leibert eloped twice with the daughter of a U.S. congressman?... that the documentary Aidan Walsh: Master of the Universe explores the life of the musician who signed ""Ireland's fastest ever record deal""?... that the video game Wild Woody contains an Easter egg that displays a topless mermaid if certain items are collected in order?... that Joe the Pigeon was granted a pardon by the Australian government after being sentenced to euthanasia?"
706,,,,,,,,,,,,,,,,,,,,,,ArchiveStart a new articleNominate an article
707,,,,,,,,,,,,,,,,,,,,,,"Aung San Suu Kyi (pictured), the State Counsellor of Myanmar, is detained by the military in a coup d'état.A coordinated short squeeze targeting American hedge funds causes GameStop's stock price to spike.Kaja Kallas becomes the first female Prime Minister of Estonia, following the resignation of Jüri Ratas.In Russia, protests against the arrest of Alexei Navalny occur in more than 120 towns and cities."
708,,,,,,,,,,,,,,,,,,,,,,COVID-19 pandemicIndian farmers' protest
709,,,,,,,,,,,,,,,,,,,,,,Abu Salman ShahjahanpuriWayne TerwilligerBob McCallisterSimeon NyachaeDustin DiamondMaureen Colquhoun
710,,,,,,,,,,,,,,,,,,,,,,Nominate an article
711,,,,,,,,,,,,,,,,,,,,,,"1801 – John Marshall, whose court opinions helped lay the basis for U.S. constitutional law and made the Supreme Court a coequal branch of government, took office as chief justice.1859 – Constantin von Tischendorf rediscovered the Codex Sinaiticus (text sample pictured), a 4th-century great uncial codex of the Bible in Greek, in Saint Catherine's Monastery, Egypt.1945 – World War II: U.S. forces liberated the Santo Tomas Internment Camp in Manila, the largest Japanese internment camp in the Philippines.1974 – The Provisional Irish Republican Army bombed a motor coach carrying off-duty British Armed Forces personnel and their family members, killing twelve people.1998 – An earthquake registering 5.9 MW struck northern Afghanistan, triggering landslides that killed over 2,300 people and destroyed around 15,000 homes."
712,,,,,,,,,,,,,,,,,,,,,,Septimius Severus  (d. 211)Étienne Desmarteau  (b. 1873)Betty Friedan  (b. 1921)
713,,,,,,,,,,,,,,,,,,,,,,February 3February 4February 5
714,,,,,,,,,,,,,,,,,,,,,,ArchiveBy emailList of days of the year
715,,,,,,,,,,,,,,,,,,,,,,Robert Earl JonesSan LorenzoRobinson projection
716,,,,,,,,,,,,,,,,,,,,,,ArchiveMore featured pictures
717,,,,,,,,,,,,,,,,,,,,,,"Community portal – Bulletin board, projects, resources and activities covering a wide range of Wikipedia areas.Help desk – Ask questions about using Wikipedia.Local embassy – For Wikipedia-related communication in languages other than English.Reference desk – Serving as virtual librarians, Wikipedia volunteers tackle your questions on a wide range of subjects.Site news – Announcements, updates, articles and press releases on Wikipedia and the Wikimedia Foundation.Village pump – For discussions about Wikipedia itself, including areas for technical issues and policies."
718,,,,,,,,,,,,,,,,,,,,,,"1,000,000+ articlesالعربيةDeutschEspañolFrançaisItalianoNederlands日本語PolskiPortuguêsРусскийSvenskaУкраїнськаTiếng Việt中文250,000+ articlesBahasa IndonesiaBahasa MelayuBân-lâm-gúБългарскиCatalàČeštinaDanskEsperantoEuskaraفارسی‎עברית한국어MagyarNorsk BokmålRomânăSrpskiSrpskohrvatskiSuomiTürkçe50,000+ articlesAsturianuBosanskiEestiΕλληνικάSimple EnglishGalegoHrvatskiLatviešuLietuviųമലയാളംМакедонскиNorsk nynorskSlovenčinaSlovenščinaไทย"
719,,,,,,,,,,,,,,,,,,,,,,العربيةDeutschEspañolFrançaisItalianoNederlands日本語PolskiPortuguêsРусскийSvenskaУкраїнськаTiếng Việt中文
720,,,,,,,,,,,,,,,,,,,,,,Bahasa IndonesiaBahasa MelayuBân-lâm-gúБългарскиCatalàČeštinaDanskEsperantoEuskaraفارسی‎עברית한국어MagyarNorsk BokmålRomânăSrpskiSrpskohrvatskiSuomiTürkçe
721,,,,,,,,,,,,,,,,,,,,,,AsturianuBosanskiEestiΕλληνικάSimple EnglishGalegoHrvatskiLatviešuLietuviųമലയാളംМакедонскиNorsk nynorskSlovenčinaSlovenščinaไทย
722,,,,,,,,,,,,,,,,,,,,,,Not logged inTalkContributionsCreate accountLog in
723,,,,,,,,,,,,,,,,,,,,,,Main PageTalk
724,,,,,,,,,,,,,,,,,,,,,,ReadView sourceView history
725,,,,,,,,,,,,,,,,,,,,,,Main pageContentsCurrent eventsRandom articleAbout WikipediaContact usDonate
726,,,,,,,,,,,,,,,,,,,,,,HelpLearn to editCommunity portalRecent changesUpload file
727,,,,,,,,,,,,,,,,,,,,,,What links hereRelated changesUpload fileSpecial pagesPermanent linkPage informationCite this pageWikidata item
728,,,,,,,,,,,,,,,,,,,,,,Download as PDFPrintable version
729,,,,,,,,,,,,,,,,,,,,,,Wikimedia CommonsMediaWikiMeta-WikiWikispeciesWikibooksWikidataWikimaniaWikinewsWikiquoteWikisourceWikiversityWikivoyageWiktionary
730,,,,,,,,,,,,,,,,,,,,,,العربيةবাংলাБългарскиBosanskiCatalàČeštinaDanskDeutschEestiΕλληνικάEspañolEsperantoEuskaraفارسیFrançaisGalego한국어HrvatskiBahasa IndonesiaItalianoעבריתქართულიLatviešuLietuviųMagyarМакедонскиBahasa MelayuNederlands日本語Norsk bokmålNorsk nynorskPolskiPortuguêsRomânăРусскийSimple EnglishSlovenčinaSlovenščinaСрпски / srpskiSrpskohrvatski / српскохрватскиSuomiSvenskaไทยTürkçeУкраїнськаTiếng Việt中文
731,,,,,,,,,,,,,,,,,,,,,," This page was last edited on 3 February 2021, at 11:11 (UTC).Text is available under the Creative Commons Attribution-ShareAlike License;additional terms may apply.  By using this site, you agree to the Terms of Use and Privacy Policy. Wikipedia® is a registered trademark of the Wikimedia Foundation, Inc., a non-profit organization."
732,,,,,,,,,,,,,,,,,,,,,,Privacy policyAbout WikipediaDisclaimersContact WikipediaMobile viewDevelopersStatisticsCookie statement
733,,,,,,,,,,,,,,,,,,,,,,
